datetime_beginning_utc,datetime_beginning_ept,pnode_id,pnode_name,voltage,equipment,type,zone,system_energy_price_da,total_lmp_da,congestion_price_da,marginal_loss_price_da,row_is_current,version_nbr
8/15/2018 4:00:00 AM,8/15/2018 12:00:00 AM,1107278632,FRANKAE,138 KV,T1,LOAD,AECO,21.34,21.35,0,0.01,TRUE,1
8/15/2018 5:00:00 AM,8/15/2018 1:00:00 AM,1107278632,FRANKAE,138 KV,T1,LOAD,AECO,20.39,20.25,0,-0.14,TRUE,1
8/15/2018 6:00:00 AM,8/15/2018 2:00:00 AM,1107278632,FRANKAE,138 KV,T1,LOAD,AECO,19.36,19.18,0,-0.18,TRUE,1
8/15/2018 7:00:00 AM,8/15/2018 3:00:00 AM,1107278632,FRANKAE,138 KV,T1,LOAD,AECO,18.93,18.71,0,-0.22,TRUE,1
8/15/2018 8:00:00 AM,8/15/2018 4:00:00 AM,1107278632,FRANKAE,138 KV,T1,LOAD,AECO,18.94,18.82,0.03,-0.15,TRUE,1
8/15/2018 9:00:00 AM,8/15/2018 5:00:00 AM,1107278632,FRANKAE,138 KV,T1,LOAD,AECO,19.86,19.87,0.12,-0.11,TRUE,1
8/15/2018 10:00:00 AM,8/15/2018 6:00:00 AM,1107278632,FRANKAE,138 KV,T1,LOAD,AECO,21.2,21.3,0.15,-0.05,TRUE,1
8/15/2018 11:00:00 AM,8/15/2018 7:00:00 AM,1107278632,FRANKAE,138 KV,T1,LOAD,AECO,22.33,22.6,0.07,0.2,TRUE,1
8/15/2018 12:00:00 PM,8/15/2018 8:00:00 AM,1107278632,FRANKAE,138 KV,T1,LOAD,AECO,24.05,24.11,-0.11,0.17,TRUE,1
8/15/2018 1:00:00 PM,8/15/2018 9:00:00 AM,1107278632,FRANKAE,138 KV,T1,LOAD,AECO,26.34,26.04,-0.23,-0.07,TRUE,1
8/15/2018 2:00:00 PM,8/15/2018 10:00:00 AM,1107278632,FRANKAE,138 KV,T1,LOAD,AECO,32.23,31.21,-0.72,-0.3,TRUE,1
8/15/2018 3:00:00 PM,8/15/2018 11:00:00 AM,1107278632,FRANKAE,138 KV,T1,LOAD,AECO,36.37,35.38,-0.75,-0.24,TRUE,1
8/15/2018 4:00:00 PM,8/15/2018 12:00:00 PM,1107278632,FRANKAE,138 KV,T1,LOAD,AECO,39.43,38.08,-0.84,-0.51,TRUE,1
8/15/2018 5:00:00 PM,8/15/2018 1:00:00 PM,1107278632,FRANKAE,138 KV,T1,LOAD,AECO,43.32,41.42,-1.29,-0.61,TRUE,1
8/15/2018 6:00:00 PM,8/15/2018 2:00:00 PM,1107278632,FRANKAE,138 KV,T1,LOAD,AECO,47.88,45.48,-1.48,-0.92,TRUE,1
8/15/2018 7:00:00 PM,8/15/2018 3:00:00 PM,1107278632,FRANKAE,138 KV,T1,LOAD,AECO,51.47,47.01,-3.46,-1,TRUE,1
8/15/2018 8:00:00 PM,8/15/2018 4:00:00 PM,1107278632,FRANKAE,138 KV,T1,LOAD,AECO,58.85,55.4,-2.41,-1.04,TRUE,1
8/15/2018 9:00:00 PM,8/15/2018 5:00:00 PM,1107278632,FRANKAE,138 KV,T1,LOAD,AECO,51.34,48.16,-2.32,-0.86,TRUE,1
8/15/2018 10:00:00 PM,8/15/2018 6:00:00 PM,1107278632,FRANKAE,138 KV,T1,LOAD,AECO,43.76,40.9,-2.04,-0.82,TRUE,1
8/15/2018 11:00:00 PM,8/15/2018 7:00:00 PM,1107278632,FRANKAE,138 KV,T1,LOAD,AECO,39.7,37.81,-1.25,-0.64,TRUE,1
8/16/2018 12:00:00 AM,8/15/2018 8:00:00 PM,1107278632,FRANKAE,138 KV,T1,LOAD,AECO,39.91,38.8,-0.63,-0.48,TRUE,1
8/16/2018 1:00:00 AM,8/15/2018 9:00:00 PM,1107278632,FRANKAE,138 KV,T1,LOAD,AECO,34.94,34.21,-0.01,-0.72,TRUE,1
8/16/2018 2:00:00 AM,8/15/2018 10:00:00 PM,1107278632,FRANKAE,138 KV,T1,LOAD,AECO,28.06,27.56,0.21,-0.71,TRUE,1
8/16/2018 3:00:00 AM,8/15/2018 11:00:00 PM,1107278632,FRANKAE,138 KV,T1,LOAD,AECO,25.85,25.5,0.06,-0.41,TRUE,1
8/16/2018 4:00:00 AM,8/16/2018 12:00:00 AM,1107278632,FRANKAE,138 KV,T1,LOAD,AECO,23.23,22.96,0,-0.27,TRUE,1
8/16/2018 5:00:00 AM,8/16/2018 1:00:00 AM,1107278632,FRANKAE,138 KV,T1,LOAD,AECO,21.44,21.06,0,-0.38,TRUE,1
8/16/2018 6:00:00 AM,8/16/2018 2:00:00 AM,1107278632,FRANKAE,138 KV,T1,LOAD,AECO,20.02,19.62,0,-0.4,TRUE,1
8/16/2018 7:00:00 AM,8/16/2018 3:00:00 AM,1107278632,FRANKAE,138 KV,T1,LOAD,AECO,19.51,19.12,0,-0.39,TRUE,1
8/16/2018 8:00:00 AM,8/16/2018 4:00:00 AM,1107278632,FRANKAE,138 KV,T1,LOAD,AECO,19.45,19.22,0.03,-0.26,TRUE,1
8/16/2018 9:00:00 AM,8/16/2018 5:00:00 AM,1107278632,FRANKAE,138 KV,T1,LOAD,AECO,20.47,20.45,0.12,-0.14,TRUE,1
8/16/2018 10:00:00 AM,8/16/2018 6:00:00 AM,1107278632,FRANKAE,138 KV,T1,LOAD,AECO,22.75,22.85,0.14,-0.04,TRUE,1
8/16/2018 11:00:00 AM,8/16/2018 7:00:00 AM,1107278632,FRANKAE,138 KV,T1,LOAD,AECO,23.88,24.21,0.04,0.29,TRUE,1
8/16/2018 12:00:00 PM,8/16/2018 8:00:00 AM,1107278632,FRANKAE,138 KV,T1,LOAD,AECO,25.56,25.82,0.02,0.24,TRUE,1
8/16/2018 1:00:00 PM,8/16/2018 9:00:00 AM,1107278632,FRANKAE,138 KV,T1,LOAD,AECO,28.28,28.36,-0.1,0.18,TRUE,1
8/16/2018 2:00:00 PM,8/16/2018 10:00:00 AM,1107278632,FRANKAE,138 KV,T1,LOAD,AECO,34.7,34.91,-0.09,0.3,TRUE,1
8/16/2018 3:00:00 PM,8/16/2018 11:00:00 AM,1107278632,FRANKAE,138 KV,T1,LOAD,AECO,36.66,36.67,-0.02,0.03,TRUE,1
8/16/2018 4:00:00 PM,8/16/2018 12:00:00 PM,1107278632,FRANKAE,138 KV,T1,LOAD,AECO,39.45,38.53,-1.2,0.28,TRUE,1
8/16/2018 5:00:00 PM,8/16/2018 1:00:00 PM,1107278632,FRANKAE,138 KV,T1,LOAD,AECO,43.44,41.67,-1.65,-0.12,TRUE,1
8/16/2018 6:00:00 PM,8/16/2018 2:00:00 PM,1107278632,FRANKAE,138 KV,T1,LOAD,AECO,49.9,47.53,-2.46,0.09,TRUE,1
8/16/2018 7:00:00 PM,8/16/2018 3:00:00 PM,1107278632,FRANKAE,138 KV,T1,LOAD,AECO,53.01,49.47,-3.88,0.34,TRUE,1
8/16/2018 8:00:00 PM,8/16/2018 4:00:00 PM,1107278632,FRANKAE,138 KV,T1,LOAD,AECO,56.92,54.89,-2.52,0.49,TRUE,1
8/16/2018 9:00:00 PM,8/16/2018 5:00:00 PM,1107278632,FRANKAE,138 KV,T1,LOAD,AECO,50.44,47.67,-3.48,0.71,TRUE,1
8/16/2018 10:00:00 PM,8/16/2018 6:00:00 PM,1107278632,FRANKAE,138 KV,T1,LOAD,AECO,42.03,39.65,-2.67,0.29,TRUE,1
8/16/2018 11:00:00 PM,8/16/2018 7:00:00 PM,1107278632,FRANKAE,138 KV,T1,LOAD,AECO,38.83,36.89,-2.08,0.14,TRUE,1
8/17/2018 12:00:00 AM,8/16/2018 8:00:00 PM,1107278632,FRANKAE,138 KV,T1,LOAD,AECO,38.24,37.41,-0.88,0.05,TRUE,1
8/17/2018 1:00:00 AM,8/16/2018 9:00:00 PM,1107278632,FRANKAE,138 KV,T1,LOAD,AECO,35.2,34.87,-0.2,-0.13,TRUE,1
8/17/2018 2:00:00 AM,8/16/2018 10:00:00 PM,1107278632,FRANKAE,138 KV,T1,LOAD,AECO,28.81,28.86,0.07,-0.02,TRUE,1
8/17/2018 3:00:00 AM,8/16/2018 11:00:00 PM,1107278632,FRANKAE,138 KV,T1,LOAD,AECO,26.29,26.72,0.11,0.32,TRUE,1
8/17/2018 4:00:00 AM,8/17/2018 12:00:00 AM,1107278632,FRANKAE,138 KV,T1,LOAD,AECO,24.47,24.47,0,0,TRUE,1
8/17/2018 5:00:00 AM,8/17/2018 1:00:00 AM,1107278632,FRANKAE,138 KV,T1,LOAD,AECO,22.65,22.56,0,-0.09,TRUE,1
8/17/2018 6:00:00 AM,8/17/2018 2:00:00 AM,1107278632,FRANKAE,138 KV,T1,LOAD,AECO,21.09,20.9,0,-0.19,TRUE,1
8/17/2018 7:00:00 AM,8/17/2018 3:00:00 AM,1107278632,FRANKAE,138 KV,T1,LOAD,AECO,20.54,20.36,0,-0.18,TRUE,1
8/17/2018 8:00:00 AM,8/17/2018 4:00:00 AM,1107278632,FRANKAE,138 KV,T1,LOAD,AECO,20.4,20.25,0.03,-0.18,TRUE,1
8/17/2018 9:00:00 AM,8/17/2018 5:00:00 AM,1107278632,FRANKAE,138 KV,T1,LOAD,AECO,21.64,21.65,0.1,-0.09,TRUE,1
8/17/2018 10:00:00 AM,8/17/2018 6:00:00 AM,1107278632,FRANKAE,138 KV,T1,LOAD,AECO,25.32,25.43,0.13,-0.02,TRUE,1
8/17/2018 11:00:00 AM,8/17/2018 7:00:00 AM,1107278632,FRANKAE,138 KV,T1,LOAD,AECO,27.26,27.67,0.06,0.35,TRUE,1
8/17/2018 12:00:00 PM,8/17/2018 8:00:00 AM,1107278632,FRANKAE,138 KV,T1,LOAD,AECO,28.57,29.01,-0.08,0.52,TRUE,1
8/17/2018 1:00:00 PM,8/17/2018 9:00:00 AM,1107278632,FRANKAE,138 KV,T1,LOAD,AECO,32.54,32.82,-0.17,0.45,TRUE,1
8/17/2018 2:00:00 PM,8/17/2018 10:00:00 AM,1107278632,FRANKAE,138 KV,T1,LOAD,AECO,36.88,36.67,-0.31,0.1,TRUE,1
8/17/2018 3:00:00 PM,8/17/2018 11:00:00 AM,1107278632,FRANKAE,138 KV,T1,LOAD,AECO,39.96,38.87,-1.14,0.05,TRUE,1
8/17/2018 4:00:00 PM,8/17/2018 12:00:00 PM,1107278632,FRANKAE,138 KV,T1,LOAD,AECO,42.35,39.83,-2.76,0.24,TRUE,1
8/17/2018 5:00:00 PM,8/17/2018 1:00:00 PM,1107278632,FRANKAE,138 KV,T1,LOAD,AECO,47.75,44.44,-3.44,0.13,TRUE,1
8/17/2018 6:00:00 PM,8/17/2018 2:00:00 PM,1107278632,FRANKAE,138 KV,T1,LOAD,AECO,56.27,53.89,-2.7,0.32,TRUE,1
8/17/2018 7:00:00 PM,8/17/2018 3:00:00 PM,1107278632,FRANKAE,138 KV,T1,LOAD,AECO,60.71,59.41,-1.86,0.56,TRUE,1
8/17/2018 8:00:00 PM,8/17/2018 4:00:00 PM,1107278632,FRANKAE,138 KV,T1,LOAD,AECO,60.15,58.05,-2.4,0.3,TRUE,1
8/17/2018 9:00:00 PM,8/17/2018 5:00:00 PM,1107278632,FRANKAE,138 KV,T1,LOAD,AECO,52.27,49.99,-2.63,0.35,TRUE,1
8/17/2018 10:00:00 PM,8/17/2018 6:00:00 PM,1107278632,FRANKAE,138 KV,T1,LOAD,AECO,44.48,39.07,-6.08,0.67,TRUE,1
8/17/2018 11:00:00 PM,8/17/2018 7:00:00 PM,1107278632,FRANKAE,138 KV,T1,LOAD,AECO,39.57,36.4,-3.46,0.29,TRUE,1
8/18/2018 12:00:00 AM,8/17/2018 8:00:00 PM,1107278632,FRANKAE,138 KV,T1,LOAD,AECO,38.18,36.4,-2.3,0.52,TRUE,1
8/18/2018 1:00:00 AM,8/17/2018 9:00:00 PM,1107278632,FRANKAE,138 KV,T1,LOAD,AECO,34.01,34.19,0.18,0,TRUE,1
8/18/2018 2:00:00 AM,8/17/2018 10:00:00 PM,1107278632,FRANKAE,138 KV,T1,LOAD,AECO,28.89,29.62,0.23,0.5,TRUE,1
8/18/2018 3:00:00 AM,8/17/2018 11:00:00 PM,1107278632,FRANKAE,138 KV,T1,LOAD,AECO,26.34,26.87,0.04,0.49,TRUE,1
8/18/2018 4:00:00 AM,8/18/2018 12:00:00 AM,1107278632,FRANKAE,138 KV,T1,LOAD,AECO,26.38,26.61,0,0.23,TRUE,1
8/18/2018 5:00:00 AM,8/18/2018 1:00:00 AM,1107278632,FRANKAE,138 KV,T1,LOAD,AECO,23.57,23.53,0,-0.04,TRUE,1
8/18/2018 6:00:00 AM,8/18/2018 2:00:00 AM,1107278632,FRANKAE,138 KV,T1,LOAD,AECO,22.14,21.94,0,-0.2,TRUE,1
8/18/2018 7:00:00 AM,8/18/2018 3:00:00 AM,1107278632,FRANKAE,138 KV,T1,LOAD,AECO,21.32,21.03,0,-0.29,TRUE,1
8/18/2018 8:00:00 AM,8/18/2018 4:00:00 AM,1107278632,FRANKAE,138 KV,T1,LOAD,AECO,20.95,20.65,0,-0.3,TRUE,1
8/18/2018 9:00:00 AM,8/18/2018 5:00:00 AM,1107278632,FRANKAE,138 KV,T1,LOAD,AECO,21.12,20.87,0,-0.25,TRUE,1
8/18/2018 10:00:00 AM,8/18/2018 6:00:00 AM,1107278632,FRANKAE,138 KV,T1,LOAD,AECO,21.84,21.67,0,-0.17,TRUE,1
8/18/2018 11:00:00 AM,8/18/2018 7:00:00 AM,1107278632,FRANKAE,138 KV,T1,LOAD,AECO,22.82,22.8,0,-0.02,TRUE,1
8/18/2018 12:00:00 PM,8/18/2018 8:00:00 AM,1107278632,FRANKAE,138 KV,T1,LOAD,AECO,25.26,25.32,0,0.06,TRUE,1
8/18/2018 1:00:00 PM,8/18/2018 9:00:00 AM,1107278632,FRANKAE,138 KV,T1,LOAD,AECO,28.73,28.61,0,-0.12,TRUE,1
8/18/2018 2:00:00 PM,8/18/2018 10:00:00 AM,1107278632,FRANKAE,138 KV,T1,LOAD,AECO,34.09,33.35,-0.74,0,TRUE,1
8/18/2018 3:00:00 PM,8/18/2018 11:00:00 AM,1107278632,FRANKAE,138 KV,T1,LOAD,AECO,38.42,37.23,-1.22,0.03,TRUE,1
8/18/2018 4:00:00 PM,8/18/2018 12:00:00 PM,1107278632,FRANKAE,138 KV,T1,LOAD,AECO,39.49,37.93,-2.11,0.55,TRUE,1
8/18/2018 5:00:00 PM,8/18/2018 1:00:00 PM,1107278632,FRANKAE,138 KV,T1,LOAD,AECO,42.97,41.56,-2.05,0.64,TRUE,1
8/18/2018 6:00:00 PM,8/18/2018 2:00:00 PM,1107278632,FRANKAE,138 KV,T1,LOAD,AECO,50.24,47.5,-3.6,0.86,TRUE,1
8/18/2018 7:00:00 PM,8/18/2018 3:00:00 PM,1107278632,FRANKAE,138 KV,T1,LOAD,AECO,52.57,50.04,-3.43,0.9,TRUE,1
8/18/2018 8:00:00 PM,8/18/2018 4:00:00 PM,1107278632,FRANKAE,138 KV,T1,LOAD,AECO,48.55,44.86,-4.55,0.86,TRUE,1
8/18/2018 9:00:00 PM,8/18/2018 5:00:00 PM,1107278632,FRANKAE,138 KV,T1,LOAD,AECO,44.51,41.02,-4.19,0.7,TRUE,1
8/18/2018 10:00:00 PM,8/18/2018 6:00:00 PM,1107278632,FRANKAE,138 KV,T1,LOAD,AECO,41.68,37.97,-4.24,0.53,TRUE,1
8/18/2018 11:00:00 PM,8/18/2018 7:00:00 PM,1107278632,FRANKAE,138 KV,T1,LOAD,AECO,37.38,33.73,-3.89,0.24,TRUE,1
8/19/2018 12:00:00 AM,8/18/2018 8:00:00 PM,1107278632,FRANKAE,138 KV,T1,LOAD,AECO,36.89,34.25,-2.96,0.32,TRUE,1
8/19/2018 1:00:00 AM,8/18/2018 9:00:00 PM,1107278632,FRANKAE,138 KV,T1,LOAD,AECO,33.96,33.36,-0.98,0.38,TRUE,1
8/19/2018 2:00:00 AM,8/18/2018 10:00:00 PM,1107278632,FRANKAE,138 KV,T1,LOAD,AECO,27.5,27.65,0.11,0.04,TRUE,1
8/19/2018 3:00:00 AM,8/18/2018 11:00:00 PM,1107278632,FRANKAE,138 KV,T1,LOAD,AECO,26.37,26.57,0,0.2,TRUE,1
8/19/2018 4:00:00 AM,8/19/2018 12:00:00 AM,1107278632,FRANKAE,138 KV,T1,LOAD,AECO,22,22.12,0,0.12,TRUE,1
8/19/2018 5:00:00 AM,8/19/2018 1:00:00 AM,1107278632,FRANKAE,138 KV,T1,LOAD,AECO,20.93,20.82,0,-0.11,TRUE,1
8/19/2018 6:00:00 AM,8/19/2018 2:00:00 AM,1107278632,FRANKAE,138 KV,T1,LOAD,AECO,20.69,20.49,0,-0.2,TRUE,1
8/19/2018 7:00:00 AM,8/19/2018 3:00:00 AM,1107278632,FRANKAE,138 KV,T1,LOAD,AECO,19.97,19.73,0,-0.24,TRUE,1
8/19/2018 8:00:00 AM,8/19/2018 4:00:00 AM,1107278632,FRANKAE,138 KV,T1,LOAD,AECO,19.5,19.28,0,-0.22,TRUE,1
8/19/2018 9:00:00 AM,8/19/2018 5:00:00 AM,1107278632,FRANKAE,138 KV,T1,LOAD,AECO,19.43,19.24,0,-0.19,TRUE,1
8/19/2018 10:00:00 AM,8/19/2018 6:00:00 AM,1107278632,FRANKAE,138 KV,T1,LOAD,AECO,19.08,18.86,0,-0.22,TRUE,1
8/19/2018 11:00:00 AM,8/19/2018 7:00:00 AM,1107278632,FRANKAE,138 KV,T1,LOAD,AECO,19.7,19.62,0,-0.08,TRUE,1
8/19/2018 12:00:00 PM,8/19/2018 8:00:00 AM,1107278632,FRANKAE,138 KV,T1,LOAD,AECO,20.86,20.85,-0.01,0,TRUE,1
8/19/2018 1:00:00 PM,8/19/2018 9:00:00 AM,1107278632,FRANKAE,138 KV,T1,LOAD,AECO,22.21,22.21,-0.13,0.13,TRUE,1
8/19/2018 2:00:00 PM,8/19/2018 10:00:00 AM,1107278632,FRANKAE,138 KV,T1,LOAD,AECO,23.65,23.26,-0.33,-0.06,TRUE,1
8/19/2018 3:00:00 PM,8/19/2018 11:00:00 AM,1107278632,FRANKAE,138 KV,T1,LOAD,AECO,26.87,25.36,-1.5,-0.01,TRUE,1
8/19/2018 4:00:00 PM,8/19/2018 12:00:00 PM,1107278632,FRANKAE,138 KV,T1,LOAD,AECO,29.1,25.97,-3.1,-0.03,TRUE,1
8/19/2018 5:00:00 PM,8/19/2018 1:00:00 PM,1107278632,FRANKAE,138 KV,T1,LOAD,AECO,31.14,26.89,-4.17,-0.08,TRUE,1
8/19/2018 6:00:00 PM,8/19/2018 2:00:00 PM,1107278632,FRANKAE,138 KV,T1,LOAD,AECO,33.81,25.67,-7.64,-0.5,TRUE,1
8/19/2018 7:00:00 PM,8/19/2018 3:00:00 PM,1107278632,FRANKAE,138 KV,T1,LOAD,AECO,34.45,26.12,-7.84,-0.49,TRUE,1
8/19/2018 8:00:00 PM,8/19/2018 4:00:00 PM,1107278632,FRANKAE,138 KV,T1,LOAD,AECO,37.53,25.89,-11.13,-0.51,TRUE,1
8/19/2018 9:00:00 PM,8/19/2018 5:00:00 PM,1107278632,FRANKAE,138 KV,T1,LOAD,AECO,38.34,27.9,-9.85,-0.59,TRUE,1
8/19/2018 10:00:00 PM,8/19/2018 6:00:00 PM,1107278632,FRANKAE,138 KV,T1,LOAD,AECO,33.52,26.15,-7.05,-0.32,TRUE,1
8/19/2018 11:00:00 PM,8/19/2018 7:00:00 PM,1107278632,FRANKAE,138 KV,T1,LOAD,AECO,31.55,25.65,-5.67,-0.23,TRUE,1
8/20/2018 12:00:00 AM,8/19/2018 8:00:00 PM,1107278632,FRANKAE,138 KV,T1,LOAD,AECO,32.22,27.37,-4.93,0.08,TRUE,1
8/20/2018 1:00:00 AM,8/19/2018 9:00:00 PM,1107278632,FRANKAE,138 KV,T1,LOAD,AECO,29.56,26.67,-2.51,-0.38,TRUE,1
8/20/2018 2:00:00 AM,8/19/2018 10:00:00 PM,1107278632,FRANKAE,138 KV,T1,LOAD,AECO,24.22,24.08,0.02,-0.16,TRUE,1
8/20/2018 3:00:00 AM,8/19/2018 11:00:00 PM,1107278632,FRANKAE,138 KV,T1,LOAD,AECO,22.66,22.66,0,0,TRUE,1
8/20/2018 4:00:00 AM,8/20/2018 12:00:00 AM,1107278632,FRANKAE,138 KV,T1,LOAD,AECO,21.34,21.26,0,-0.08,TRUE,1
8/20/2018 5:00:00 AM,8/20/2018 1:00:00 AM,1107278632,FRANKAE,138 KV,T1,LOAD,AECO,20.25,20.12,0,-0.13,TRUE,1
8/20/2018 6:00:00 AM,8/20/2018 2:00:00 AM,1107278632,FRANKAE,138 KV,T1,LOAD,AECO,19.66,19.28,0,-0.38,TRUE,1
8/20/2018 7:00:00 AM,8/20/2018 3:00:00 AM,1107278632,FRANKAE,138 KV,T1,LOAD,AECO,19.09,18.79,0,-0.3,TRUE,1
8/20/2018 8:00:00 AM,8/20/2018 4:00:00 AM,1107278632,FRANKAE,138 KV,T1,LOAD,AECO,19.18,18.89,0,-0.29,TRUE,1
8/20/2018 9:00:00 AM,8/20/2018 5:00:00 AM,1107278632,FRANKAE,138 KV,T1,LOAD,AECO,20.16,19.84,0,-0.32,TRUE,1
8/20/2018 10:00:00 AM,8/20/2018 6:00:00 AM,1107278632,FRANKAE,138 KV,T1,LOAD,AECO,21.92,21.53,0,-0.39,TRUE,1
8/20/2018 11:00:00 AM,8/20/2018 7:00:00 AM,1107278632,FRANKAE,138 KV,T1,LOAD,AECO,22.75,22.42,0,-0.33,TRUE,1
8/20/2018 12:00:00 PM,8/20/2018 8:00:00 AM,1107278632,FRANKAE,138 KV,T1,LOAD,AECO,23.12,22.45,0,-0.67,TRUE,1
8/20/2018 1:00:00 PM,8/20/2018 9:00:00 AM,1107278632,FRANKAE,138 KV,T1,LOAD,AECO,25.81,25.16,-0.08,-0.57,TRUE,1
8/20/2018 2:00:00 PM,8/20/2018 10:00:00 AM,1107278632,FRANKAE,138 KV,T1,LOAD,AECO,30.26,27.07,-2.74,-0.45,TRUE,1
8/20/2018 3:00:00 PM,8/20/2018 11:00:00 AM,1107278632,FRANKAE,138 KV,T1,LOAD,AECO,32.43,27.38,-4.49,-0.56,TRUE,1
8/20/2018 4:00:00 PM,8/20/2018 12:00:00 PM,1107278632,FRANKAE,138 KV,T1,LOAD,AECO,36.53,25.95,-9.93,-0.65,TRUE,1
8/20/2018 5:00:00 PM,8/20/2018 1:00:00 PM,1107278632,FRANKAE,138 KV,T1,LOAD,AECO,38.55,26.9,-10.97,-0.68,TRUE,1
8/20/2018 6:00:00 PM,8/20/2018 2:00:00 PM,1107278632,FRANKAE,138 KV,T1,LOAD,AECO,42.53,28.14,-13.54,-0.85,TRUE,1
8/20/2018 7:00:00 PM,8/20/2018 3:00:00 PM,1107278632,FRANKAE,138 KV,T1,LOAD,AECO,45.21,31.48,-12.69,-1.04,TRUE,1
8/20/2018 8:00:00 PM,8/20/2018 4:00:00 PM,1107278632,FRANKAE,138 KV,T1,LOAD,AECO,47.32,34.95,-11.26,-1.11,TRUE,1
8/20/2018 9:00:00 PM,8/20/2018 5:00:00 PM,1107278632,FRANKAE,138 KV,T1,LOAD,AECO,45.7,34.65,-9.93,-1.12,TRUE,1
8/20/2018 10:00:00 PM,8/20/2018 6:00:00 PM,1107278632,FRANKAE,138 KV,T1,LOAD,AECO,38.93,30.19,-7.79,-0.95,TRUE,1
8/20/2018 11:00:00 PM,8/20/2018 7:00:00 PM,1107278632,FRANKAE,138 KV,T1,LOAD,AECO,35.83,29.79,-5.28,-0.76,TRUE,1
8/21/2018 12:00:00 AM,8/20/2018 8:00:00 PM,1107278632,FRANKAE,138 KV,T1,LOAD,AECO,34.53,30.23,-3.6,-0.7,TRUE,1
8/21/2018 1:00:00 AM,8/20/2018 9:00:00 PM,1107278632,FRANKAE,138 KV,T1,LOAD,AECO,30.65,27.72,-2.28,-0.65,TRUE,1
8/21/2018 2:00:00 AM,8/20/2018 10:00:00 PM,1107278632,FRANKAE,138 KV,T1,LOAD,AECO,25.86,23.65,-1.65,-0.56,TRUE,1
8/21/2018 3:00:00 AM,8/20/2018 11:00:00 PM,1107278632,FRANKAE,138 KV,T1,LOAD,AECO,23.61,23.08,-0.03,-0.5,TRUE,1
8/21/2018 4:00:00 AM,8/21/2018 12:00:00 AM,1107278632,FRANKAE,138 KV,T1,LOAD,AECO,21.99,21.65,0.01,-0.35,TRUE,1
8/21/2018 5:00:00 AM,8/21/2018 1:00:00 AM,1107278632,FRANKAE,138 KV,T1,LOAD,AECO,20.84,20.47,-0.01,-0.36,TRUE,1
8/21/2018 6:00:00 AM,8/21/2018 2:00:00 AM,1107278632,FRANKAE,138 KV,T1,LOAD,AECO,19.8,19.39,0.01,-0.42,TRUE,1
8/21/2018 7:00:00 AM,8/21/2018 3:00:00 AM,1107278632,FRANKAE,138 KV,T1,LOAD,AECO,19.6,19.16,0.01,-0.45,TRUE,1
8/21/2018 8:00:00 AM,8/21/2018 4:00:00 AM,1107278632,FRANKAE,138 KV,T1,LOAD,AECO,19.73,19.33,0.01,-0.41,TRUE,1
8/21/2018 9:00:00 AM,8/21/2018 5:00:00 AM,1107278632,FRANKAE,138 KV,T1,LOAD,AECO,21.34,20.96,-0.03,-0.35,TRUE,1
8/21/2018 10:00:00 AM,8/21/2018 6:00:00 AM,1107278632,FRANKAE,138 KV,T1,LOAD,AECO,23.56,23.13,-0.01,-0.42,TRUE,1
8/21/2018 11:00:00 AM,8/21/2018 7:00:00 AM,1107278632,FRANKAE,138 KV,T1,LOAD,AECO,24.43,23.87,-0.4,-0.16,TRUE,1
8/21/2018 12:00:00 PM,8/21/2018 8:00:00 AM,1107278632,FRANKAE,138 KV,T1,LOAD,AECO,24.38,23.47,-0.69,-0.22,TRUE,1
8/21/2018 1:00:00 PM,8/21/2018 9:00:00 AM,1107278632,FRANKAE,138 KV,T1,LOAD,AECO,26.87,25.91,-0.68,-0.28,TRUE,1
8/21/2018 2:00:00 PM,8/21/2018 10:00:00 AM,1107278632,FRANKAE,138 KV,T1,LOAD,AECO,30.11,28.47,-1.17,-0.47,TRUE,1
8/21/2018 3:00:00 PM,8/21/2018 11:00:00 AM,1107278632,FRANKAE,138 KV,T1,LOAD,AECO,32.25,29.21,-2.4,-0.64,TRUE,1
8/21/2018 4:00:00 PM,8/21/2018 12:00:00 PM,1107278632,FRANKAE,138 KV,T1,LOAD,AECO,33.67,31.15,-2.01,-0.51,TRUE,1
8/21/2018 5:00:00 PM,8/21/2018 1:00:00 PM,1107278632,FRANKAE,138 KV,T1,LOAD,AECO,34.6,32.34,-1.68,-0.58,TRUE,1
8/21/2018 6:00:00 PM,8/21/2018 2:00:00 PM,1107278632,FRANKAE,138 KV,T1,LOAD,AECO,36.93,35.23,-1.03,-0.67,TRUE,1
8/21/2018 7:00:00 PM,8/21/2018 3:00:00 PM,1107278632,FRANKAE,138 KV,T1,LOAD,AECO,37.1,34.72,-1.69,-0.69,TRUE,1
8/21/2018 8:00:00 PM,8/21/2018 4:00:00 PM,1107278632,FRANKAE,138 KV,T1,LOAD,AECO,37.24,35.02,-1.58,-0.64,TRUE,1
8/21/2018 9:00:00 PM,8/21/2018 5:00:00 PM,1107278632,FRANKAE,138 KV,T1,LOAD,AECO,36.44,34.43,-1.36,-0.65,TRUE,1
8/21/2018 10:00:00 PM,8/21/2018 6:00:00 PM,1107278632,FRANKAE,138 KV,T1,LOAD,AECO,34.12,31.49,-2,-0.63,TRUE,1
8/21/2018 11:00:00 PM,8/21/2018 7:00:00 PM,1107278632,FRANKAE,138 KV,T1,LOAD,AECO,32.92,30.35,-2.01,-0.56,TRUE,1
8/22/2018 12:00:00 AM,8/21/2018 8:00:00 PM,1107278632,FRANKAE,138 KV,T1,LOAD,AECO,33.63,32.23,-0.82,-0.58,TRUE,1
8/22/2018 1:00:00 AM,8/21/2018 9:00:00 PM,1107278632,FRANKAE,138 KV,T1,LOAD,AECO,29.42,28.63,-0.29,-0.5,TRUE,1
8/22/2018 2:00:00 AM,8/21/2018 10:00:00 PM,1107278632,FRANKAE,138 KV,T1,LOAD,AECO,24.62,23.75,-0.2,-0.67,TRUE,1
8/22/2018 3:00:00 AM,8/21/2018 11:00:00 PM,1107278632,FRANKAE,138 KV,T1,LOAD,AECO,23.37,22.78,-0.11,-0.48,TRUE,1
