REGION,SETTLEMENTDATE,TOTALDEMAND,RRP
NSW1,01-04-18 0:00,6775.9,68.24
NSW1,01-04-18 0:30,6598.45,66.61
NSW1,01-04-18 1:00,6428.87,59.82
NSW1,01-04-18 1:30,6158.19,62.51
NSW1,01-04-18 2:00,6012.85,66.97
NSW1,01-04-18 2:30,5856.6,66.8
NSW1,01-04-18 3:00,5778.69,57.29
NSW1,01-04-18 3:30,5754.54,59.98
NSW1,01-04-18 4:00,5653.22,56.09
NSW1,01-04-18 4:30,5673.75,59.71
NSW1,01-04-18 5:00,5670.34,60.98
NSW1,01-04-18 5:30,5773.96,60.65
NSW1,01-04-18 6:00,5802.34,56.03
NSW1,01-04-18 6:30,5918.79,58.48
NSW1,01-04-18 7:00,6127.28,61.78
NSW1,01-04-18 7:30,6356.33,63.41
NSW1,01-04-18 8:00,6545.05,60.53
NSW1,01-04-18 8:30,6744.82,66.38
NSW1,01-04-18 9:00,6793.1,65.08
NSW1,01-04-18 9:30,6804.46,61.81
NSW1,01-04-18 10:00,6835.57,62.59
NSW1,01-04-18 10:30,6828.17,61.13
NSW1,01-04-18 11:00,6878,61.5
NSW1,01-04-18 11:30,6889.73,57
NSW1,01-04-18 12:00,6997.03,61.81
NSW1,01-04-18 12:30,7208.89,63.74
NSW1,01-04-18 13:00,7322.84,69.03
NSW1,01-04-18 13:30,7436.66,67.4
NSW1,01-04-18 14:00,7563.41,64.97
NSW1,01-04-18 14:30,7690.51,62.74
NSW1,01-04-18 15:00,7880.26,65.59
NSW1,01-04-18 15:30,8081.79,85.24
NSW1,01-04-18 16:00,8246.9,89.27
NSW1,01-04-18 16:30,8413.03,87.36
NSW1,01-04-18 17:00,8577.88,92.03
NSW1,01-04-18 17:30,8556.96,94.96
NSW1,01-04-18 18:00,8532.42,98.18
NSW1,01-04-18 18:30,8672.46,97.96
NSW1,01-04-18 19:00,8613.05,101.84
NSW1,01-04-18 19:30,8410.65,91.97
NSW1,01-04-18 20:00,8240.03,82.73
NSW1,01-04-18 20:30,7987.01,67.94
NSW1,01-04-18 21:00,7804.12,69.35
NSW1,01-04-18 21:30,7645.52,68.89
NSW1,01-04-18 22:00,7546.94,65.67
NSW1,01-04-18 22:30,7451.9,66.47
NSW1,01-04-18 23:00,7247.68,62.14
NSW1,01-04-18 23:30,7114.67,65.71
NSW1,08-04-18 0:00,7160.8,79.01
NSW1,08-04-18 0:30,6904.65,72.9
NSW1,08-04-18 1:00,6722.84,67.28
NSW1,08-04-18 1:30,6597.63,78.68
NSW1,08-04-18 2:00,6434.05,71.74
NSW1,08-04-18 2:30,6178.13,67.57
NSW1,08-04-18 3:00,6015.59,63.78
NSW1,08-04-18 3:30,5913.4,52.04
NSW1,08-04-18 4:00,5858.89,51.89
NSW1,08-04-18 4:30,5821.77,60.47
NSW1,08-04-18 5:00,5819.5,59.47
NSW1,08-04-18 5:30,5865.85,59.56
NSW1,08-04-18 6:00,5943.08,61.89
NSW1,08-04-18 6:30,6062.49,59.94
NSW1,08-04-18 7:00,6177.01,50.06
NSW1,08-04-18 7:30,6337.96,51.86
NSW1,08-04-18 8:00,6473.97,53.26
NSW1,08-04-18 8:30,6675.4,57.9
NSW1,08-04-18 9:00,6764.44,60.88
NSW1,08-04-18 9:30,6938.09,62.43
NSW1,08-04-18 10:00,7035.84,59.35
NSW1,08-04-18 10:30,7031.58,62.64
NSW1,08-04-18 11:00,7094.25,60.65
NSW1,08-04-18 11:30,7098.26,64.18
NSW1,08-04-18 12:00,7182.93,65.7
NSW1,08-04-18 12:30,7269.11,64.65
NSW1,08-04-18 13:00,7369.5,68.79
NSW1,08-04-18 13:30,7504.59,67.68
NSW1,08-04-18 14:00,7602.2,73.4
NSW1,08-04-18 14:30,7825.37,81.49
NSW1,08-04-18 15:00,7930.75,79.39
NSW1,08-04-18 15:30,8147.65,90.3
NSW1,08-04-18 16:00,8310.92,94.19
NSW1,08-04-18 16:30,8461.05,103.36
NSW1,08-04-18 17:00,8628.17,124.5
NSW1,08-04-18 17:30,8631.29,99.61
NSW1,08-04-18 18:00,8752.57,103.18
NSW1,08-04-18 18:30,8997.08,121.09
NSW1,08-04-18 19:00,8936.72,121.23
NSW1,08-04-18 19:30,8677.47,99.19
NSW1,08-04-18 20:00,8383.08,91.23
NSW1,08-04-18 20:30,8154.82,95.41
NSW1,08-04-18 21:00,8034.84,91.29
NSW1,08-04-18 21:30,7855.34,83.71
NSW1,08-04-18 22:00,7628.36,72.71
NSW1,08-04-18 22:30,7534.78,71.01
NSW1,08-04-18 23:00,7281.16,70.24
NSW1,08-04-18 23:30,7193.96,79.95
NSW1,15-04-18 0:00,6911.36,49.01
NSW1,15-04-18 0:30,6662.18,53.24
NSW1,15-04-18 1:00,6485.25,49.55
NSW1,15-04-18 1:30,6280.08,33.73
NSW1,15-04-18 2:00,6089.99,33.36
NSW1,15-04-18 2:30,5877.54,18.32
NSW1,15-04-18 3:00,5747.81,25.52
NSW1,15-04-18 3:30,5634.48,20.69
NSW1,15-04-18 4:00,5659.86,35.41
NSW1,15-04-18 4:30,5572.93,24.87
NSW1,15-04-18 5:00,5570.04,38.26
NSW1,15-04-18 5:30,5640.23,32.51
NSW1,15-04-18 6:00,5744.22,31.3
NSW1,15-04-18 6:30,5814.55,21.23
NSW1,15-04-18 7:00,5907.91,33.14
NSW1,15-04-18 7:30,6055.12,25.69
NSW1,15-04-18 8:00,6237.58,34.5
NSW1,15-04-18 8:30,6441.01,50.54
NSW1,15-04-18 9:00,6580.46,48.76
NSW1,15-04-18 9:30,6638.81,41.57
NSW1,15-04-18 10:00,6510.29,29.89
NSW1,15-04-18 10:30,6461.75,31.99
NSW1,15-04-18 11:00,6488.45,31.11
NSW1,15-04-18 11:30,6520.21,44.79
NSW1,15-04-18 12:00,6469.57,32.24
NSW1,15-04-18 12:30,6539.17,52.56
NSW1,15-04-18 13:00,6477.06,50.86
NSW1,15-04-18 13:30,6464.89,59.05
NSW1,15-04-18 14:00,6557.59,62.14
NSW1,15-04-18 14:30,6578.03,60.62
NSW1,15-04-18 15:00,6713.46,60.38
NSW1,15-04-18 15:30,6869.98,67.16
NSW1,15-04-18 16:00,7030.32,66.84
NSW1,15-04-18 16:30,7147.05,69.71
NSW1,15-04-18 17:00,7362.75,64.44
NSW1,15-04-18 17:30,7504.61,71.18
NSW1,15-04-18 18:00,7842.15,83.84
NSW1,15-04-18 18:30,8116.35,106.33
NSW1,15-04-18 19:00,7977.62,74.11
NSW1,15-04-18 19:30,7738.23,63.61
NSW1,15-04-18 20:00,7516.1,68.08
NSW1,15-04-18 20:30,7362.14,65.78
NSW1,15-04-18 21:00,7237.3,54.16
NSW1,15-04-18 21:30,7091.51,59.38
NSW1,15-04-18 22:00,6968.26,49.51
NSW1,15-04-18 22:30,6931.04,62.77
NSW1,15-04-18 23:00,6732.16,56
NSW1,15-04-18 23:30,6740.63,57.89
NSW1,22-04-18 0:00,6834.9,68.46
NSW1,22-04-18 0:30,6629.57,62.57
NSW1,22-04-18 1:00,6498.47,61.13
NSW1,22-04-18 1:30,6355.66,68.9
NSW1,22-04-18 2:00,6201.8,70.34
NSW1,22-04-18 2:30,5924.2,65.76
NSW1,22-04-18 3:00,5777.79,70.39
NSW1,22-04-18 3:30,5688.11,68.44
NSW1,22-04-18 4:00,5702.21,68.18
NSW1,22-04-18 4:30,5616.55,57.94
NSW1,22-04-18 5:00,5688.25,66.53
NSW1,22-04-18 5:30,5770.53,64.75
NSW1,22-04-18 6:00,5865.5,65.41
NSW1,22-04-18 6:30,5996.34,66.96
NSW1,22-04-18 7:00,6090.04,72.21
NSW1,22-04-18 7:30,6226.06,65.34
NSW1,22-04-18 8:00,6495.84,67.68
NSW1,22-04-18 8:30,6646.57,63.8
NSW1,22-04-18 9:00,6713.33,68.87
NSW1,22-04-18 9:30,6886.71,71.94
NSW1,22-04-18 10:00,6839.16,68.31
NSW1,22-04-18 10:30,6992.08,71.04
NSW1,22-04-18 11:00,6992.91,68.72
NSW1,22-04-18 11:30,6953.81,67.47
NSW1,22-04-18 12:00,6933.31,67.48
NSW1,22-04-18 12:30,6934.61,71.97
NSW1,22-04-18 13:00,6838.54,68.07
NSW1,22-04-18 13:30,6857.57,68.96
NSW1,22-04-18 14:00,6906.89,69.12
NSW1,22-04-18 14:30,6940.73,69.34
NSW1,22-04-18 15:00,7097.66,76.19
NSW1,22-04-18 15:30,7212.24,74.28
NSW1,22-04-18 16:00,7272.02,76.07
NSW1,22-04-18 16:30,7383.38,78.52
NSW1,22-04-18 17:00,7631.59,77.8
NSW1,22-04-18 17:30,7805.9,79.11
NSW1,22-04-18 18:00,8259.43,115.22
NSW1,22-04-18 18:30,8401.93,88.74
NSW1,22-04-18 19:00,8201.85,85.44
NSW1,22-04-18 19:30,7920.14,69.15
NSW1,22-04-18 20:00,7712.22,73.75
NSW1,22-04-18 20:30,7559.94,73.85
NSW1,22-04-18 21:00,7460.67,69.68
NSW1,22-04-18 21:30,7315.62,70.65
NSW1,22-04-18 22:00,7179.74,68.32
NSW1,22-04-18 22:30,7158.02,71.26
NSW1,22-04-18 23:00,7013.08,66.2
NSW1,22-04-18 23:30,6960.6,71.16
NSW1,29-04-18 0:00,7076.11,68.55
NSW1,29-04-18 0:30,6865.1,62.15
NSW1,29-04-18 1:00,6683.96,58.37
NSW1,29-04-18 1:30,6530.48,61
NSW1,29-04-18 2:00,6293.21,62.93
NSW1,29-04-18 2:30,6038.19,59.24
NSW1,29-04-18 3:00,5881.03,57.41
NSW1,29-04-18 3:30,5818.85,53.92
NSW1,29-04-18 4:00,5744.13,56.45
NSW1,29-04-18 4:30,5740.88,52.12
NSW1,29-04-18 5:00,5751.58,48.3
NSW1,29-04-18 5:30,5795.82,53.03
NSW1,29-04-18 6:00,5867.93,44.56
NSW1,29-04-18 6:30,6006.98,52.11
NSW1,29-04-18 7:00,6165.53,55.75
NSW1,29-04-18 7:30,6348.81,57.23
NSW1,29-04-18 8:00,6548.59,58.48
NSW1,29-04-18 8:30,6793.72,64.25
NSW1,29-04-18 9:00,6963.89,64.41
NSW1,29-04-18 9:30,7027.39,74.18
NSW1,29-04-18 10:00,7078.14,63.34
NSW1,29-04-18 10:30,7036.7,61.83
NSW1,29-04-18 11:00,7011.25,63.07
NSW1,29-04-18 11:30,6943.62,56.28
NSW1,29-04-18 12:00,6900.08,57.12
NSW1,29-04-18 12:30,6907.12,61.33
NSW1,29-04-18 13:00,6880.44,63.04
NSW1,29-04-18 13:30,6925.34,65.37
NSW1,29-04-18 14:00,6865.14,62.41
NSW1,29-04-18 14:30,6917.59,60.91
NSW1,29-04-18 15:00,6961.18,61.02
NSW1,29-04-18 15:30,7073.68,59.1
NSW1,29-04-18 16:00,7140.93,62.29
NSW1,29-04-18 16:30,7372.77,65.86
NSW1,29-04-18 17:00,7621.9,81.42
NSW1,29-04-18 17:30,7919.86,78.32
NSW1,29-04-18 18:00,8503.55,89.17
NSW1,29-04-18 18:30,8569.43,86.84
NSW1,29-04-18 19:00,8374.35,77.43
NSW1,29-04-18 19:30,8141.89,68.27
NSW1,29-04-18 20:00,7997.79,77.28
NSW1,29-04-18 20:30,7824.94,70.9
NSW1,29-04-18 21:00,7640.33,64.45
NSW1,29-04-18 21:30,7432.48,61.75
NSW1,29-04-18 22:00,7283.69,62.12
NSW1,29-04-18 22:30,7337.64,68.89
NSW1,29-04-18 23:00,7115.98,63.1
NSW1,29-04-18 23:30,7101.11,62.47
NSW1,06-05-18 0:00,7237.18,59.74
NSW1,06-05-18 0:30,7092.1,70.46
NSW1,06-05-18 1:00,6870.62,62.14
NSW1,06-05-18 1:30,6740.32,59.01
NSW1,06-05-18 2:00,6495.18,52.93
NSW1,06-05-18 2:30,6274.71,62.29
NSW1,06-05-18 3:00,6094.04,62.03
NSW1,06-05-18 3:30,5962.55,63.5
NSW1,06-05-18 4:00,5898.97,54.04
NSW1,06-05-18 4:30,5924.45,60.43
NSW1,06-05-18 5:00,5924.43,50.93
NSW1,06-05-18 5:30,6003.85,52.4
NSW1,06-05-18 6:00,6126.17,54.02
NSW1,06-05-18 6:30,6292.02,55.4
NSW1,06-05-18 7:00,6497.94,60.42
NSW1,06-05-18 7:30,6717.46,52.03
NSW1,06-05-18 8:00,7002.79,59.11
NSW1,06-05-18 8:30,7122.23,61.37
NSW1,06-05-18 9:00,7196.12,61.73
NSW1,06-05-18 9:30,7184.29,61.53
NSW1,06-05-18 10:00,7091.65,57.62
NSW1,06-05-18 10:30,6999.56,49.6
NSW1,06-05-18 11:00,6876.81,41.15
NSW1,06-05-18 11:30,6790.57,44.65
NSW1,06-05-18 12:00,6722.25,40.33
NSW1,06-05-18 12:30,6647.94,18.72
NSW1,06-05-18 13:00,6635.86,27.14
NSW1,06-05-18 13:30,6601.17,39.38
NSW1,06-05-18 14:00,6638.07,56.95
NSW1,06-05-18 14:30,6702.72,63.99
NSW1,06-05-18 15:00,6769.79,63.59
NSW1,06-05-18 15:30,6919.59,65.21
NSW1,06-05-18 16:00,7094.89,61.21
NSW1,06-05-18 16:30,7344.46,63.55
NSW1,06-05-18 17:00,7707.55,68.38
NSW1,06-05-18 17:30,8007.54,73.49
NSW1,06-05-18 18:00,8547.76,100.45
NSW1,06-05-18 18:30,8633.61,104.52
NSW1,06-05-18 19:00,8453.17,76.14
NSW1,06-05-18 19:30,8239.7,64.81
NSW1,06-05-18 20:00,7979.04,62.19
NSW1,06-05-18 20:30,7895.08,63.01
NSW1,06-05-18 21:00,7728.25,59.79
NSW1,06-05-18 21:30,7628.62,57.56
NSW1,06-05-18 22:00,7402.18,51.12
NSW1,06-05-18 22:30,7409.24,56.58
NSW1,06-05-18 23:00,7218.22,55.56
NSW1,06-05-18 23:30,7169.55,59.91
NSW1,13-05-18 0:00,7586.16,60.67
NSW1,13-05-18 0:30,7379.35,60.6
NSW1,13-05-18 1:00,7161.07,55.84
NSW1,13-05-18 1:30,6957.7,57.24
NSW1,13-05-18 2:00,6731,60.56
NSW1,13-05-18 2:30,6421.81,56.38
NSW1,13-05-18 3:00,6206.45,54.92
NSW1,13-05-18 3:30,6153.27,57.74
NSW1,13-05-18 4:00,6073.17,50.56
NSW1,13-05-18 4:30,6020.91,48.22
NSW1,13-05-18 5:00,5989.66,51.04
NSW1,13-05-18 5:30,6129.67,50.82
NSW1,13-05-18 6:00,6263.9,50.32
NSW1,13-05-18 6:30,6454.57,57.87
NSW1,13-05-18 7:00,6693.78,59.48
NSW1,13-05-18 7:30,7039.96,57.81
NSW1,13-05-18 8:00,7427.94,65.07
NSW1,13-05-18 8:30,7687.77,76.4
NSW1,13-05-18 9:00,7798.17,69.66
NSW1,13-05-18 9:30,7879.81,63.57
NSW1,13-05-18 10:00,7953.67,62.35
NSW1,13-05-18 10:30,7926.85,62.37
NSW1,13-05-18 11:00,7858.84,60.38
NSW1,13-05-18 11:30,7656.02,53.84
NSW1,13-05-18 12:00,7443.78,51.14
NSW1,13-05-18 12:30,7312.03,53.12
NSW1,13-05-18 13:00,7193.77,53.01
NSW1,13-05-18 13:30,7112.11,54.49
NSW1,13-05-18 14:00,7140.58,53.66
NSW1,13-05-18 14:30,7151.72,55.36
NSW1,13-05-18 15:00,7235.87,59.32
NSW1,13-05-18 15:30,7447.27,62.4
NSW1,13-05-18 16:00,7690.64,62.6
NSW1,13-05-18 16:30,8014.58,64.32
NSW1,13-05-18 17:00,8375.27,72.96
NSW1,13-05-18 17:30,8701.18,81.87
NSW1,13-05-18 18:00,9128.53,101.57
NSW1,13-05-18 18:30,9128.04,97.45
NSW1,13-05-18 19:00,9064.36,83.49
NSW1,13-05-18 19:30,8887.41,74.93
NSW1,13-05-18 20:00,8699.3,80.74
NSW1,13-05-18 20:30,8583.22,82.19
NSW1,13-05-18 21:00,8428.88,73.41
NSW1,13-05-18 21:30,8242.01,68.69
NSW1,13-05-18 22:00,8019.43,64.96
NSW1,13-05-18 22:30,7949.61,67.99
NSW1,13-05-18 23:00,7640.79,61.51
NSW1,13-05-18 23:30,7516.58,58.66
NSW1,20-05-18 0:00,7689.45,81.5
NSW1,20-05-18 0:30,7489.96,70.06
NSW1,20-05-18 1:00,7300.06,65.97
NSW1,20-05-18 1:30,7100.66,63.95
NSW1,20-05-18 2:00,6856.58,69.82
NSW1,20-05-18 2:30,6568.92,63.26
NSW1,20-05-18 3:00,6360.79,57.01
NSW1,20-05-18 3:30,6246.71,57.6
NSW1,20-05-18 4:00,6193.68,59.9
NSW1,20-05-18 4:30,6165.11,56.6
NSW1,20-05-18 5:00,6241.01,60.39
NSW1,20-05-18 5:30,6343.51,58.7
NSW1,20-05-18 6:00,6459.72,54.54
NSW1,20-05-18 6:30,6598.04,62.77
NSW1,20-05-18 7:00,6904.69,63.68
NSW1,20-05-18 7:30,7269.72,70.18
NSW1,20-05-18 8:00,7617.08,72.16
NSW1,20-05-18 8:30,7845.96,75.98
NSW1,20-05-18 9:00,7986.43,79.22
NSW1,20-05-18 9:30,7987.92,76.81
NSW1,20-05-18 10:00,7832.68,76.7
NSW1,20-05-18 10:30,7708.73,77.15
NSW1,20-05-18 11:00,7424,64.02
NSW1,20-05-18 11:30,7202.52,58.55
NSW1,20-05-18 12:00,7102.29,61.09
NSW1,20-05-18 12:30,6930.34,54.17
NSW1,20-05-18 13:00,6880.78,61.99
NSW1,20-05-18 13:30,6842.69,60.65
NSW1,20-05-18 14:00,6759.24,62.56
NSW1,20-05-18 14:30,6820.09,63.9
NSW1,20-05-18 15:00,6952.98,60.72
NSW1,20-05-18 15:30,7096.63,64.15
NSW1,20-05-18 16:00,7383.66,74.94
NSW1,20-05-18 16:30,7782.49,81.05
NSW1,20-05-18 17:00,8236.04,86.98
NSW1,20-05-18 17:30,8808.8,104.78
NSW1,20-05-18 18:00,9360.06,92.76
NSW1,20-05-18 18:30,9371.87,95.34
NSW1,20-05-18 19:00,9311.16,92.52
NSW1,20-05-18 19:30,9098.18,92.06
NSW1,20-05-18 20:00,8993.56,98.44
NSW1,20-05-18 20:30,8843.3,108.12
NSW1,20-05-18 21:00,8654.17,94.25
NSW1,20-05-18 21:30,8426.67,86.1
NSW1,20-05-18 22:00,8183.14,73.6
NSW1,20-05-18 22:30,8067.28,72.52
NSW1,20-05-18 23:00,7739.25,66.72
NSW1,20-05-18 23:30,7551.78,61.08
NSW1,27-05-18 0:00,7574.42,62.24
NSW1,27-05-18 0:30,7343.15,56.26
NSW1,27-05-18 1:00,7118.66,58.15
NSW1,27-05-18 1:30,6943.05,49.62
NSW1,27-05-18 2:00,6778.82,52.55
NSW1,27-05-18 2:30,6503.21,58.43
NSW1,27-05-18 3:00,6320.7,57.73
NSW1,27-05-18 3:30,6197.5,60.37
NSW1,27-05-18 4:00,6127.53,61.17
NSW1,27-05-18 4:30,6116.05,58.99
NSW1,27-05-18 5:00,6200.08,62.57
NSW1,27-05-18 5:30,6346.46,58
NSW1,27-05-18 6:00,6418.37,56.49
NSW1,27-05-18 6:30,6610.39,56.67
NSW1,27-05-18 7:00,6845.05,60.15
NSW1,27-05-18 7:30,7198.96,59.88
NSW1,27-05-18 8:00,7488.64,61.82
NSW1,27-05-18 8:30,7759.43,62.45
NSW1,27-05-18 9:00,7851.25,61.67
NSW1,27-05-18 9:30,7867.25,61.31
NSW1,27-05-18 10:00,7693.3,54.2
NSW1,27-05-18 10:30,7570.33,61.52
NSW1,27-05-18 11:00,7347.68,61.68
NSW1,27-05-18 11:30,7207.34,60.14
NSW1,27-05-18 12:00,7094.44,61.59
NSW1,27-05-18 12:30,7065.4,62.08
NSW1,27-05-18 13:00,7113.71,61.17
NSW1,27-05-18 13:30,7112.05,61.72
NSW1,27-05-18 14:00,7071.63,60.32
NSW1,27-05-18 14:30,7124.42,61.65
NSW1,27-05-18 15:00,7256.62,62.29
NSW1,27-05-18 15:30,7433.27,61.73
NSW1,27-05-18 16:00,7697.76,63.05
NSW1,27-05-18 16:30,8042.74,73.47
NSW1,27-05-18 17:00,8550.93,89.04
NSW1,27-05-18 17:30,8978.35,98.68
NSW1,27-05-18 18:00,9318.77,104.26
NSW1,27-05-18 18:30,9343,105.66
NSW1,27-05-18 19:00,9181.78,97.27
NSW1,27-05-18 19:30,9008.84,88.03
NSW1,27-05-18 20:00,8792.6,83.39
NSW1,27-05-18 20:30,8653.27,84.21
NSW1,27-05-18 21:00,8467.59,79.17
NSW1,27-05-18 21:30,8259.8,65.8
NSW1,27-05-18 22:00,8022.31,56.88
NSW1,27-05-18 22:30,7869.43,61.2
NSW1,27-05-18 23:00,7655.42,61.18
NSW1,27-05-18 23:30,7529.78,62.23
NSW1,03-06-18 0:00,7901.6,64.21
NSW1,03-06-18 0:30,7687.99,67.45
NSW1,03-06-18 1:00,7437.31,64.77
NSW1,03-06-18 1:30,7223.68,64.41
NSW1,03-06-18 2:00,6982.84,71.99
NSW1,03-06-18 2:30,6664.06,69.36
NSW1,03-06-18 3:00,6477.58,63.37
NSW1,03-06-18 3:30,6312.25,59.08
NSW1,03-06-18 4:00,6238.11,63.82
NSW1,03-06-18 4:30,6178.99,56.69
NSW1,03-06-18 5:00,6262.46,59.18
NSW1,03-06-18 5:30,6304.71,61.17
NSW1,03-06-18 6:00,6415.21,51.74
NSW1,03-06-18 6:30,6610.46,61.53
NSW1,03-06-18 7:00,6854.98,66.49
NSW1,03-06-18 7:30,7190.16,67.8
NSW1,03-06-18 8:00,7531.45,65.85
NSW1,03-06-18 8:30,7838.56,72.4
NSW1,03-06-18 9:00,7978.84,74.2
NSW1,03-06-18 9:30,8051.25,75.91
NSW1,03-06-18 10:00,8062.84,71.22
NSW1,03-06-18 10:30,8058.62,67.62
NSW1,03-06-18 11:00,7927.81,62.18
NSW1,03-06-18 11:30,7696.73,61.13
NSW1,03-06-18 12:00,7542.41,61.47
NSW1,03-06-18 12:30,7545.31,62.85
NSW1,03-06-18 13:00,7476.74,58.35
NSW1,03-06-18 13:30,7484.85,62.48
NSW1,03-06-18 14:00,7441.43,68.48
NSW1,03-06-18 14:30,7525.19,68.18
NSW1,03-06-18 15:00,7624.61,65.52
NSW1,03-06-18 15:30,7774.89,66.96
NSW1,03-06-18 16:00,8056.35,74.68
NSW1,03-06-18 16:30,8351.55,82.28
NSW1,03-06-18 17:00,8747.36,155.93
NSW1,03-06-18 17:30,9273.2,150
NSW1,03-06-18 18:00,9723.19,181.48
NSW1,03-06-18 18:30,9715.31,130.91
NSW1,03-06-18 19:00,9619.87,126.24
NSW1,03-06-18 19:30,9377.34,95.01
NSW1,03-06-18 20:00,9199.12,95.08
NSW1,03-06-18 20:30,9029.79,116.34
NSW1,03-06-18 21:00,8804.35,88.58
NSW1,03-06-18 21:30,8545.09,84.89
NSW1,03-06-18 22:00,8301.2,80.31
NSW1,03-06-18 22:30,8184.62,79.84
NSW1,03-06-18 23:00,7890.2,73.36
NSW1,03-06-18 23:30,7700.93,71.91
NSW1,10-06-18 0:00,7885.45,101.45
NSW1,10-06-18 0:30,7657.36,93.35
NSW1,10-06-18 1:00,7423.44,84.07
NSW1,10-06-18 1:30,7153.9,67.62
NSW1,10-06-18 2:00,6903.35,77.61
NSW1,10-06-18 2:30,6586.95,73.11
NSW1,10-06-18 3:00,6397.73,66.52
NSW1,10-06-18 3:30,6243.53,80.44
NSW1,10-06-18 4:00,6184.48,75.44
NSW1,10-06-18 4:30,6190.71,77.13
NSW1,10-06-18 5:00,6214.71,80.03
NSW1,10-06-18 5:30,6295.33,68.49
NSW1,10-06-18 6:00,6316.11,58.4
NSW1,10-06-18 6:30,6557.53,66.72
NSW1,10-06-18 7:00,6749.77,68.11
NSW1,10-06-18 7:30,7108.62,74.1
NSW1,10-06-18 8:00,7510.44,73.96
NSW1,10-06-18 8:30,7845.19,81.49
NSW1,10-06-18 9:00,8061.48,84.3
NSW1,10-06-18 9:30,8221.56,96.84
NSW1,10-06-18 10:00,8205.52,87.43
NSW1,10-06-18 10:30,8158.56,86.15
NSW1,10-06-18 11:00,8045.38,68.57
NSW1,10-06-18 11:30,7955.24,70.07
NSW1,10-06-18 12:00,7886.71,61.08
NSW1,10-06-18 12:30,7715.05,55.08
NSW1,10-06-18 13:00,7615.51,57.06
NSW1,10-06-18 13:30,7635.61,63.39
NSW1,10-06-18 14:00,7703.78,63.15
NSW1,10-06-18 14:30,7737.74,63.37
NSW1,10-06-18 15:00,7886.51,67.23
NSW1,10-06-18 15:30,8023.78,65.12
NSW1,10-06-18 16:00,8277.87,68.49
NSW1,10-06-18 16:30,8567.35,78.84
NSW1,10-06-18 17:00,8951.61,89.16
NSW1,10-06-18 17:30,9363.54,108.42
NSW1,10-06-18 18:00,9622.74,123.58
NSW1,10-06-18 18:30,9618.25,115.7
NSW1,10-06-18 19:00,9460.03,95.25
NSW1,10-06-18 19:30,9270.47,87.75
NSW1,10-06-18 20:00,9064.51,85.94
NSW1,10-06-18 20:30,8901.84,84.36
NSW1,10-06-18 21:00,8783.64,73.3
NSW1,10-06-18 21:30,8629.98,72.96
NSW1,10-06-18 22:00,8468.47,71.92
NSW1,10-06-18 22:30,8410.01,66.34
NSW1,10-06-18 23:00,8147.04,60.91
NSW1,10-06-18 23:30,8050.58,68.31
NSW1,17-06-18 0:00,8270.43,70.2
NSW1,17-06-18 0:30,7990.62,51.38
NSW1,17-06-18 1:00,7746.3,55.33
NSW1,17-06-18 1:30,7486.84,47.13
NSW1,17-06-18 2:00,7268.86,50.5
NSW1,17-06-18 2:30,6974.77,46.21
NSW1,17-06-18 3:00,6678.76,33.5
NSW1,17-06-18 3:30,6550.62,40.49
NSW1,17-06-18 4:00,6471.83,15.4
NSW1,17-06-18 4:30,6410.18,26.06
NSW1,17-06-18 5:00,6445.14,38.63
NSW1,17-06-18 5:30,6522.96,31.3
NSW1,17-06-18 6:00,6627.69,32.5
NSW1,17-06-18 6:30,6909.89,49.67
NSW1,17-06-18 7:00,7225.76,52.7
NSW1,17-06-18 7:30,7647.36,52.87
NSW1,17-06-18 8:00,8096.64,59.53
NSW1,17-06-18 8:30,8542.94,66.75
NSW1,17-06-18 9:00,8769.36,67.23
NSW1,17-06-18 9:30,8824.25,64.53
NSW1,17-06-18 10:00,8744.76,58.58
NSW1,17-06-18 10:30,8626.58,58.7
NSW1,17-06-18 11:00,8458.19,59.53
NSW1,17-06-18 11:30,8242.87,52.71
NSW1,17-06-18 12:00,8162.76,50.37
NSW1,17-06-18 12:30,8083.48,54
NSW1,17-06-18 13:00,8003.39,51.96
NSW1,17-06-18 13:30,7970.98,53.53
NSW1,17-06-18 14:00,7962.9,52.1
NSW1,17-06-18 14:30,8055.37,51.4
NSW1,17-06-18 15:00,8155.94,57.1
NSW1,17-06-18 15:30,8345.99,60.9
NSW1,17-06-18 16:00,8664.24,73.47
NSW1,17-06-18 16:30,9046.46,72.27
NSW1,17-06-18 17:00,9615.71,86.04
NSW1,17-06-18 17:30,10387.69,107.06
NSW1,17-06-18 18:00,10872.59,113.72
NSW1,17-06-18 18:30,10885.62,108.76
NSW1,17-06-18 19:00,10799.66,107.32
NSW1,17-06-18 19:30,10588.86,98.7
NSW1,17-06-18 20:00,10405.36,105.9
NSW1,17-06-18 20:30,10203.65,96.53
NSW1,17-06-18 21:00,9954.85,88.85
NSW1,17-06-18 21:30,9697.85,85.96
NSW1,17-06-18 22:00,9327.01,72.36
NSW1,17-06-18 22:30,9065.06,75.85
NSW1,17-06-18 23:00,8591.45,65.57
NSW1,17-06-18 23:30,8332.69,62.74
NSW1,24-06-18 0:00,8745.99,82.93
NSW1,24-06-18 0:30,8408.54,67.15
NSW1,24-06-18 1:00,8145.47,63.41
NSW1,24-06-18 1:30,7929.12,63.17
NSW1,24-06-18 2:00,7722.77,59.96
NSW1,24-06-18 2:30,7412.59,60.15
NSW1,24-06-18 3:00,7186.28,60.35
NSW1,24-06-18 3:30,7009.9,62.44
NSW1,24-06-18 4:00,6970.28,58.78
NSW1,24-06-18 4:30,6991.23,62.41
NSW1,24-06-18 5:00,6995.03,59.56
NSW1,24-06-18 5:30,7131.46,57.32
NSW1,24-06-18 6:00,7269.43,60.38
NSW1,24-06-18 6:30,7568.55,63.12
NSW1,24-06-18 7:00,7841.23,61.83
NSW1,24-06-18 7:30,8253.78,59.13
NSW1,24-06-18 8:00,8726.73,67.25
NSW1,24-06-18 8:30,9108.53,69.62
NSW1,24-06-18 9:00,9204.88,74.85
NSW1,24-06-18 9:30,9205.22,73.61
NSW1,24-06-18 10:00,9026.52,65.38
NSW1,24-06-18 10:30,8763.49,62.07
NSW1,24-06-18 11:00,8464.81,65.94
NSW1,24-06-18 11:30,8173.86,61.19
NSW1,24-06-18 12:00,8007.13,62.54
NSW1,24-06-18 12:30,7819.42,60.82
NSW1,24-06-18 13:00,7691.4,54.44
NSW1,24-06-18 13:30,7631.62,52.1
NSW1,24-06-18 14:00,7632.06,54.54
NSW1,24-06-18 14:30,7661.4,63.88
NSW1,24-06-18 15:00,7817.54,58.64
NSW1,24-06-18 15:30,7988.77,61.97
NSW1,24-06-18 16:00,8306.55,70.26
NSW1,24-06-18 16:30,8777.27,80.93
NSW1,24-06-18 17:00,9461.69,99.08
NSW1,24-06-18 17:30,10222.52,105.16
NSW1,24-06-18 18:00,10798.71,244.14
NSW1,24-06-18 18:30,10897.5,236.16
NSW1,24-06-18 19:00,10823.08,158.91
NSW1,24-06-18 19:30,10630.06,111.07
NSW1,24-06-18 20:00,10472.89,111.6
NSW1,24-06-18 20:30,10265.62,158.08
NSW1,24-06-18 21:00,10074.23,127.2
NSW1,24-06-18 21:30,9811.22,141.99
NSW1,24-06-18 22:00,9538.47,93.98
NSW1,24-06-18 22:30,9348.9,98.08
NSW1,24-06-18 23:00,8938.25,88.84
NSW1,24-06-18 23:30,8710.53,80.55
